at_us,gap_us,seq_before,seq_after
1414,1117,307,308
15519,2301,4303,4304
403769,2376,133909,133910
3533656,2320,1186526,1186527
3541650,2270,1189445,1189446
3549647,2306,1192352,1192353
3565643,2268,1197885,1197886
4167150,2425,1398152,1398153
4173345,2306,1400052,1400053
4541762,2210,1525887,1525888
4767453,2272,1602737,1602738
4773643,2341,1605039,1605040
4821798,2239,1621718,1621719
4885786,2267,1644038,1644039
4933665,4754,1660757,1660758
4966429,2233,1673204,1673205
5429296,2218,1827726,1827727
5435964,2238,1830243,1830244
5463929,2264,1840091,1840092
5536576,2262,1864931,1864932
5613079,2265,1891286,1891287
6041686,2246,2037142,2037143
7773668,2487,2637648,2637649
10437823,2282,3554134,3554135
10628999,2242,3619146,3619147
10835948,2469,3689774,3689775
11053665,2451,3764591,3764592
11059570,2522,3766717,3766718
11070364,2223,3770702,3770703
11080267,1135,3774300,3774301
11117678,2307,3783093,3783094
11141674,2278,3791574,3791575
11245681,2266,3826992,3826993
11300553,2272,3845873,3845874
11309694,2297,3849143,3849144
11467202,2304,3902173,3902174
11592542,2266,3944215,3944216
12405685,2739,4216118,4216119
12427975,2182,4224531,4224532
12452756,2172,4233931,4233932
12477047,2193,4243158,4243159
12502228,2216,4252743,4252744
12527325,2194,4262269,4262270
12551591,2097,4271471,4271472
12629699,2285,4298255,4298256
12900260,2372,4388087,4388088
13637670,2405,4633427,4633428
14678708,2279,4978043,4978044
14690452,2249,4982361,4982362
14697395,2297,4984933,4984934
14704313,2250,4987505,4987506
14711196,2237,4990058,4990059
14718136,2243,4992638,4992639
14725077,2219,4995216,4995217
14732773,2312,4998088,4998089
14738993,2222,5000451,5000452
14745908,2249,5003033,5003034
14752859,2235,5005626,5005627
14759858,2205,5008244,5008245
14766755,2240,5010835,5010836
14773715,2224,5013457,5013458
14780627,2225,5016049,5016050
14787582,2232,5018659,5018660
14794501,2221,5021239,5021240
14801480,2243,5023847,5023848
14808444,2248,5026463,5026464
14815357,2223,5029041,5029042
14822298,2291,5031642,5031643
14829275,2235,5034219,5034220
14836209,2257,5036808,5036809
14843147,2259,5039394,5039395
14850057,2209,5041957,5041958
14857021,2231,5044566,5044567
14863980,2227,5047170,5047171
14901692,2281,5059805,5059806
14917696,2260,5065466,5065467
15183471,2295,5153229,5153230
15198688,2289,5158571,5158572
15208634,2309,5162328,5162329
15221864,2343,5167075,5167076
15402407,2723,5226404,5226405
16368980,3093,5552166,5552167
16477690,2247,5589187,5589188
18209646,2322,6168861,6168862
18230719,2428,6176066,6176067
18276344,3182,6190984,6190985
18293715,3794,6196953,6196954
18305346,2429,6200744,6200745
18315851,3115,6204152,6204153
18328821,2467,6208382,6208383
18338405,2448,6211292,6211293
18343823,1620,6213143,6213144
18346968,3469,6214127,6214128
18360627,2317,6218681,6218682
18370459,2371,6221868,6221869
18384720,2535,6226837,6226838
18391441,1973,6229054,6229055
18399502,2438,6231313,6231314
18406981,2902,6233333,6233334
18419106,2552,6236930,6236931
18426411,2535,6238894,6238895
18441101,2320,6244284,6244285
18457443,2310,6250358,6250359
18466433,2428,6253547,6253548
18475616,2340,6256932,6256933
18482928,2492,6259604,6259605
18493105,2374,6263425,6263426
18549919,2323,6282340,6282341
18909789,2357,6398873,6398874
18915958,2450,6401103,6401104
18923503,1431,6403850,6403851
18965702,2614,6418013,6418014
18981703,2438,6423313,6423314
18991854,2792,6426849,6426850
19079993,2691,6454292,6454293
19099742,2377,6461001,6461002
19110424,2559,6464745,6464746
19121925,2368,6468792,6468793
19131569,2364,6472220,6472221
19173731,2360,6486223,6486224
19181750,2311,6489097,6489098
19189720,2323,6491907,6491908
19200439,2488,6495713,6495714
19221712,2492,6502937,6502938
19237697,2441,6508589,6508590
19269695,2462,6519419,6519420
19277754,2384,6522302,6522303
19284511,2361,6524741,6524742
19325694,2368,6538431,6538432
19341715,2441,6543748,6543749
19349739,2437,6546580,6546581
19361541,2150,6550761,6550762
19423481,2377,6571431,6571432
19430515,1498,6573969,6573970
19437691,2764,6576500,6576501
19443503,3057,6578462,6578463
19451820,3656,6581397,6581398
19461688,2398,6584967,6584968
19485746,2635,6592769,6592770
19501699,2410,6597952,6597953
19509539,1048,6600632,6600633
19549761,2412,6613390,6613391
19565696,2311,6618604,6618605
19604067,2381,6631352,6631353
19663698,2331,6650881,6650882
20104836,2349,6799005,6799006
20149718,2396,6814139,6814140
20245706,2293,6846319,6846320
20261697,2347,6851805,6851806
20453695,2264,6916650,6916651
20530459,2366,6942572,6942573
20553578,2298,6950390,6950391
20558813,1021,6952283,6952284
20765710,2262,7022038,7022039
20841294,3191,7047788,7047789
21583042,2266,7299114,7299115
21638961,2339,7317592,7317593
21644298,1181,7319442,7319443
22198515,2308,7504854,7504855
24673020,2281,8335391,8335392
24978758,3681,8439494,8439495
25002673,2231,8448003,8448004
25086194,2251,8476711,8476712
25279265,2257,8542382,8542383
25481075,2299,8610447,8610448
25491629,2493,8614388,8614389
25501425,2276,8617872,8617873
25559906,2445,8637288,8637289
25584019,2289,8645408,8645409
25590198,2397,8647680,8647681
25598462,3965,8650773,8650774
25657263,2337,8672464,8672465
25674621,2268,8678494,8678495
25680944,1914,8680864,8680865
25691665,2399,8684726,8684727
25697964,2332,8687058,8687059
25704563,2865,8689525,8689526
25710390,3036,8691538,8691539
25801762,2490,8726279,8726280
25815170,3284,8730976,8730977
25845505,2328,8741661,8741662
25899307,2283,8759975,8759976
25971272,2290,8784165,8784166
25989097,2293,8790182,8790183
26082615,2293,8822570,8822571
26143399,2294,8843370,8843371
26230523,2300,8872727,8872728
26420599,2240,8936450,8936451
26573142,2297,8988651,8988652
26593309,2353,8995978,8995979
26629175,4267,9008392,9008393
27016958,2297,9137128,9137129
27192952,2334,9196171,9196172
27422760,2287,9272374,9272375
27629878,2271,9342768,9342769
27701400,2288,9366924,9366925
28630257,2264,9681808,9681809
28708731,2253,9709244,9709245
29633288,2457,10026916,10026917
29645773,2281,10031327,10031328
29653735,2349,10034179,10034180
29685746,2263,10045233,10045234
29693758,3497,10048186,10048187
29701738,2322,10051173,10051174
29709623,2382,10054039,10054040
29716840,2385,10056624,10056625
29723513,2447,10059065,10059066
29729651,2333,10061292,10061293
29737727,2396,10064230,10064231
29744503,2353,10066693,10066694
29750552,2367,10068933,10068934
29757704,2350,10071505,10071506
29764601,2328,10074003,10074004
29772628,2343,10076938,10076939
29779109,2317,10079346,10079347
29785456,2374,10081679,10081680
29792345,2272,10084218,10084219
29800127,2349,10087066,10087067
29806778,2329,10089503,10089504
29813718,2351,10092059,10092060
29820357,2251,10094529,10094530
29827977,2320,10097306,10097307
29834729,2394,10099803,10099804
29844466,2430,10103123,10103124
